<?xml version='1.0'?> 
<navmenu>
	<item label="Overview" link="/overview"></item>
	
	<item label="New Campaign" link="/tracker/code"></item>
	
	<item label="Traffic Sources" link="/trafficsources"></item>
	
	<item label="Offers" link="/offers"></item>

	<item label="Aff Networks" link="/offers/affnetworks"></item>
	
	<item label="Advanced Redirects" link="/cloaker"></item>
	
	<item label="Click Spy" link="/spy"></item>

    <item label="Stats" link="/stats"></item>

    <item label="Reports" link="/reports"></item>

	<item label="Update Clicks" link="/updateclick"></item>

	<item label="Spending" link="/spending"></item>

    <item label="Income" link="/income"></item>
</navmenu>